Workbook

Sheet GST_Revenue-All_India
A1: All India Month wise GST Collection and Refund during Financial Year 2026-27
A3: Data upto : 31st Aug 2026
A5: (Rs. Crores)
B7: Financial Year (up to the Month - Aug 2026) | F7: 46113 | J7: 46143 | N7: 46174 | R7: 46204 | V7: 46235
B8: CGST | C8: SGST | D8: IGST | E8: TOTAL | F8: CGST | G8: SGST | H8: IGST | I8: TOTAL | J8: CGST | K8: SGST | L8: IGST | M8: TOTAL | N8: CGST | O8: SGST | P8: IGST | Q8: TOTAL | R8: CGST | S8: SGST | T8: IGST | U8: TOTAL | V8: CGST | W8: SGST | X8: IGST | Y8: TOTAL
A9: A. Collection
A10: Domestic | B10: ='Collections-Statewise'!C45 -> 205160.57 | C10: ='Collections-Statewise'!D45 -> 245787 | D10: ='Collections-Statewise'!E45 -> 285422.85 | E10: ='Collections-Statewise'!F45 -> 736370.42 | F10: ='Collections-Statewise'!G45 -> 52140.25 | G10: ='Collections-Statewise'!H45 -> 61330.56 | H10: ='Collections-Statewise'!I45 -> 71651.27 | I10: ='Collections-Statewise'!J45 -> 185122.08 | ... Y10: ='Collections-Statewise'!Z45 -> 137248.99
A11: Imports | B11: ='Collections-Statewise'!C47 -> 0 | C11: ='Collections-Statewise'!D47 -> 0 | D11: ='Collections-Statewise'!E47 -> 306387.03 | E11: ='Collections-Statewise'!F47 -> 306387.03 | F11: ='Collections-Statewise'!G47 -> 0 | G11: ='Collections-Statewise'!H47 -> 0 | H11: ='Collections-Statewise'!I47 -> 57580.406 | I11: ='Collections-Statewise'!J47 -> 57580.406 | ... Y11: ='Collections-Statewise'!Z47 -> 62603.81
A12: Gross Revenue | B12: =SUM(B10:B11) -> 205160.57 | C12: =SUM(C10:C11) -> 245787 | D12: =SUM(D10:D11) -> 591809.88 | E12: =SUM(E10:E11) -> 1042757.4 | F12: =SUM(F10:F11) -> 52140.25 | G12: =SUM(G10:G11) -> 61330.56 | H12: =SUM(H10:H11) -> 129231.68 | I12: =SUM(I10:I11) -> 242702.49 | ... Y12: =SUM(Y10:Y11) -> 199852.8
A14: B. Refund
A15: Domestic (RFD-05) | B15: ='Refund-Statewise'!C47 -> 21740.51 | C15: ='Refund-Statewise'!D47 -> 25872.05 | D15: ='Refund-Statewise'!E47 -> 43350.65 | E15: ='Refund-Statewise'!F47 -> 90963.21 | F15: ='Refund-Statewise'!G47 -> 5253.13 | G15: ='Refund-Statewise'!H47 -> 5889.02 | H15: ='Refund-Statewise'!I47 -> 8854.13 | I15: ='Refund-Statewise'!J47 -> 19996.28 | ... Y15: ='Refund-Statewise'!Z47 -> 18490.08
A16: Export Refund | B16: ='Refund-Statewise'!C49 -> 0 | C16: ='Refund-Statewise'!D49 -> 0 | D16: ='Refund-Statewise'!E49 -> 62309.29 | E16: ='Refund-Statewise'!F49 -> 62309.29 | F16: ='Refund-Statewise'!G49 -> 0 | G16: ='Refund-Statewise'!H49 -> 0 | H16: ='Refund-Statewise'!I49 -> 11796.694 | I16: ='Refund-Statewise'!J49 -> 11796.694 | ... Y16: ='Refund-Statewise'!Z49 -> 13305.291
A17: Total Refund | B17: =SUM(B15:B16) -> 21740.51 | C17: =SUM(C15:C16) -> 25872.05 | D17: =SUM(D15:D16) -> 105659.94 | E17: =SUM(E15:E16) -> 153272.5 | F17: =SUM(F15:F16) -> 5253.13 | G17: =SUM(G15:G16) -> 5889.02 | H17: =SUM(H15:H16) -> 20650.824 | I17: =SUM(I15:I16) -> 31792.974 | ... Y17: =SUM(Y15:Y16) -> 31795.371
A19: Net GST Revenue collection (A-B) | B19: =B12-B17 -> 183420.06 | C19: =C12-C17 -> 219914.95 | D19: =D12-D17 -> 486149.94 | E19: =E12-E17 -> 889484.95 | F19: =F12-F17 -> 46887.12 | G19: =G12-G17 -> 55441.54 | H19: =H12-H17 -> 108580.85 | I19: =I12-I17 -> 210909.51 | ... Y19: =Y12-Y17 -> 168057.43
A24: Note : | B24: The above numbers are provisional and the actual numbers may slightly vary on finalisation

Sheet Collections-Statewise
A1: REVENUE COLLECTION STATE WISE MONTH WISE DURING FINANCIAL YEAR 2026-2027
A2: ='GST_Revenue-All_India'!A3 -> Data upto : 31st Aug 2026
C3: (Rs. In Crore)
A4: State Wise Domestic GST Collection
A5: State CD | B5: State | C5: ='GST_Revenue-All_India'!B7 -> Financial Year (up to the Month - Aug 2026) | G5: 46113 | K5: 46143 | O5: 46174 | S5: 46204 | W5: 46235
C6: CGST | D6: SGST | E6: IGST | F6: TOTAL | G6: CGST | H6: SGST | I6: IGST | J6: TOTAL | K6: CGST | L6: SGST | M6: IGST | N6: TOTAL | O6: CGST | P6: SGST | Q6: IGST | R6: TOTAL | S6: CGST | T6: SGST | U6: IGST | V6: TOTAL | W6: CGST | X6: SGST | Y6: IGST | Z6: TOTAL
A7: 1 | B7: Jammu and Kashmir | C7: =G7+K7+O7+S7+W7+AA7+AE7+AI7+AM7+AQ7+AU7+AY7 -> 1001.77 | D7: =H7+L7+P7+T7+X7+AB7+AF7+AJ7+AN7+AR7+AV7+AZ7 -> 1335.1 | E7: =I7+M7+Q7+U7+Y7+AC7+AG7+AK7+AO7+AS7+AW7+BA7 -> 595.72 | F7: =J7+N7+R7+V7+Z7+AD7+AH7+AL7+AP7+AT7+AX7+BB7 -> 2932.59 | G7: 344.45 | H7: 445.97 | I7: 123.69 | J7: =SUM(G7:I7) -> 914.11 | K7: 145.99 | L7: 198.72 | M7: 106.05 | N7: =SUM(K7:M7) -> 450.76 | O7: 161.09 | P7: 214.71 | Q7: 94.39 | R7: =SUM(O7:Q7) -> 470.19 | S7: 183.39 | T7: 248.05 | U7: 146.69 | V7: =SUM(S7:U7) -> 578.13 | W7: 166.85 | X7: 227.65 | Y7: 124.9 | Z7: =SUM(W7:Y7) -> 519.4
A8: 2 | B8: Himachal Pradesh | C8: =G8+K8+O8+S8+W8+AA8+AE8+AI8+AM8+AQ8+AU8+AY8 -> 913.66 | D8: =H8+L8+P8+T8+X8+AB8+AF8+AJ8+AN8+AR8+AV8+AZ8 -> 1215.29 | E8: =I8+M8+Q8+U8+Y8+AC8+AG8+AK8+AO8+AS8+AW8+BA8 -> 1435.94 | F8: =J8+N8+R8+V8+Z8+AD8+AH8+AL8+AP8+AT8+AX8+BB8 -> 3564.89 | G8: 239.47 | H8: 321.89 | I8: 323.23 | J8: =SUM(G8:I8) -> 884.59 | K8: 151.87 | L8: 200.9 | M8: 262.42 | N8: =SUM(K8:M8) -> 615.19 | O8: 164.32 | P8: 219.25 | Q8: 277.17 | R8: =SUM(O8:Q8) -> 660.74 | S8: 188.49 | T8: 249.47 | U8: 298.38 | V8: =SUM(S8:U8) -> 736.34 | W8: 169.51 | X8: 223.78 | Y8: 274.74 | Z8: =SUM(W8:Y8) -> 668.03
A9: 3 | B9: Punjab | C9: =G9+K9+O9+S9+W9+AA9+AE9+AI9+AM9+AQ9+AU9+AY9 -> 3471 | D9: =H9+L9+P9+T9+X9+AB9+AF9+AJ9+AN9+AR9+AV9+AZ9 -> 4733.69 | E9: =I9+M9+Q9+U9+Y9+AC9+AG9+AK9+AO9+AS9+AW9+BA9 -> 4865.15 | F9: =J9+N9+R9+V9+Z9+AD9+AH9+AL9+AP9+AT9+AX9+BB9 -> 13069.84 | G9: 868.98 | H9: 1179.24 | I9: 1196.3 | J9: =SUM(G9:I9) -> 3244.52 | K9: 612.45 | L9: 849.9 | M9: 789.9 | N9: =SUM(K9:M9) -> 2252.25 | O9: 645.36 | P9: 865.02 | Q9: 980.87 | R9: =SUM(O9:Q9) -> 2491.25 | S9: 700.87 | T9: 948.29 | U9: 1005.19 | V9: =SUM(S9:U9) -> 2654.35 | W9: 643.34 | X9: 891.24 | Y9: 892.89 | Z9: =SUM(W9:Y9) -> 2427.47
A10: 4 | B10: Chandigarh | C10: =G10+K10+O10+S10+W10+AA10+AE10+AI10+AM10+AQ10+AU10+AY10 -> 274.75 | D10: =H10+L10+P10+T10+X10+AB10+AF10+AJ10+AN10+AR10+AV10+AZ10 -> 347.76 | E10: =I10+M10+Q10+U10+Y10+AC10+AG10+AK10+AO10+AS10+AW10+BA10 -> 760.57 | F10: =J10+N10+R10+V10+Z10+AD10+AH10+AL10+AP10+AT10+AX10+BB10 -> 1383.08 | G10: 65.82 | H10: 80.49 | I10: 159.77 | J10: =SUM(G10:I10) -> 306.08 | K10: 48.08 | L10: 59.24 | M10: 265.42 | N10: =SUM(K10:M10) -> 372.74 | O10: 51.44 | P10: 63.99 | Q10: 113.49 | R10: =SUM(O10:Q10) -> 228.92 | S10: 54.29 | T10: 73.11 | U10: 117.91 | V10: =SUM(S10:U10) -> 245.31 | W10: 55.12 | X10: 70.93 | Y10: 103.98 | Z10: =SUM(W10:Y10) -> 230.03
A11: 5 | B11: Uttarakhand | C11: =G11+K11+O11+S11+W11+AA11+AE11+AI11+AM11+AQ11+AU11+AY11 -> 1695.97 | D11: =H11+L11+P11+T11+X11+AB11+AF11+AJ11+AN11+AR11+AV11+AZ11 -> 2355.79 | E11: =I11+M11+Q11+U11+Y11+AC11+AG11+AK11+AO11+AS11+AW11+BA11 -> 3347.85 | F11: =J11+N11+R11+V11+Z11+AD11+AH11+AL11+AP11+AT11+AX11+BB11 -> 7399.61 | G11: 451.14 | H11: 640.47 | I11: 924.37 | J11: =SUM(G11:I11) -> 2015.98 | K11: 301.01 | L11: 407.1 | M11: 590.05 | N11: =SUM(K11:M11) -> 1298.16 | O11: 315.66 | P11: 433.71 | Q11: 584.79 | R11: =SUM(O11:Q11) -> 1334.16 | S11: 354.65 | T11: 483.96 | U11: 609.86 | V11: =SUM(S11:U11) -> 1448.47 | W11: 273.51 | X11: 390.55 | Y11: 638.78 | Z11: =SUM(W11:Y11) -> 1302.84
A12: 6 | B12: Haryana | C12: =G12+K12+O12+S12+W12+AA12+AE12+AI12+AM12+AQ12+AU12+AY12 -> 9027.44 | D12: =H12+L12+P12+T12+X12+AB12+AF12+AJ12+AN12+AR12+AV12+AZ12 -> 11218.16 | E12: =I12+M12+Q12+U12+Y12+AC12+AG12+AK12+AO12+AS12+AW12+BA12 -> 36261.51 | F12: =J12+N12+R12+V12+Z12+AD12+AH12+AL12+AP12+AT12+AX12+BB12 -> 56507.11 | G12: 2167.1 | H12: 2646.97 | I12: 9334.55 | J12: =SUM(G12:I12) -> 14148.62 | K12: 1723.7 | L12: 2106.82 | M12: 6386.21 | N12: =SUM(K12:M12) -> 10216.73 | O12: 1701.91 | P12: 2147.85 | Q12: 6215.67 | R12: =SUM(O12:Q12) -> 10065.43 | S12: 1786.5 | T12: 2224.54 | U12: 7881.1 | V12: =SUM(S12:U12) -> 11892.14 | W12: 1648.23 | X12: 2091.98 | Y12: 6443.98 | Z12: =SUM(W12:Y12) -> 10184.19
A13: 7 | B13: Delhi | C13: =G13+K13+O13+S13+W13+AA13+AE13+AI13+AM13+AQ13+AU13+AY13 -> 7140.7 | D13: =H13+L13+P13+T13+X13+AB13+AF13+AJ13+AN13+AR13+AV13+AZ13 -> 8179.08 | E13: =I13+M13+Q13+U13+Y13+AC13+AG13+AK13+AO13+AS13+AW13+BA13 -> 20740.06 | F13: =J13+N13+R13+V13+Z13+AD13+AH13+AL13+AP13+AT13+AX13+BB13 -> 36059.84 | G13: 1821.58 | H13: 2166.45 | I13: 4883.38 | J13: =SUM(G13:I13) -> 8871.41 | K13: 1474.66 | L13: 1633.54 | M13: 5417.11 | N13: =SUM(K13:M13) -> 8525.31 | O13: 1261.53 | P13: 1418.63 | Q13: 3306.41 | R13: =SUM(O13:Q13) -> 5986.57 | S13: 1307.87 | T13: 1501.38 | U13: 3651.06 | V13: =SUM(S13:U13) -> 6460.31 | W13: 1275.06 | X13: 1459.08 | Y13: 3482.1 | Z13: =SUM(W13:Y13) -> 6216.24
A14: 8 | B14: Rajasthan | C14: =G14+K14+O14+S14+W14+AA14+AE14+AI14+AM14+AQ14+AU14+AY14 -> 6768.56 | D14: =H14+L14+P14+T14+X14+AB14+AF14+AJ14+AN14+AR14+AV14+AZ14 -> 8442.8 | E14: =I14+M14+Q14+U14+Y14+AC14+AG14+AK14+AO14+AS14+AW14+BA14 -> 7238.71 | F14: =J14+N14+R14+V14+Z14+AD14+AH14+AL14+AP14+AT14+AX14+BB14 -> 22450.07 | G14: 1773.06 | H14: 2138.54 | I14: 1556.87 | J14: =SUM(G14:I14) -> 5468.47 | K14: 1228.59 | L14: 1547.37 | M14: 1415.58 | N14: =SUM(K14:M14) -> 4191.54 | O14: 1182.83 | P14: 1523.2 | Q14: 1467.07 | R14: =SUM(O14:Q14) -> 4173.1 | S14: 1352.03 | T14: 1698.74 | U14: 1418.4 | V14: =SUM(S14:U14) -> 4469.17 | W14: 1232.05 | X14: 1534.95 | Y14: 1380.79 | Z14: =SUM(W14:Y14) -> 4147.79
A15: 9 | B15: Uttar Pradesh | C15: =G15+K15+O15+S15+W15+AA15+AE15+AI15+AM15+AQ15+AU15+AY15 -> 13894.11 | D15: =H15+L15+P15+T15+X15+AB15+AF15+AJ15+AN15+AR15+AV15+AZ15 -> 17230.84 | E15: =I15+M15+Q15+U15+Y15+AC15+AG15+AK15+AO15+AS15+AW15+BA15 -> 18368.51 | F15: =J15+N15+R15+V15+Z15+AD15+AH15+AL15+AP15+AT15+AX15+BB15 -> 49493.46 | G15: 3616.04 | H15: 4398.96 | I15: 4842.9 | J15: =SUM(G15:I15) -> 12857.9 | K15: 2426.69 | L15: 3070.17 | M15: 3230.84 | N15: =SUM(K15:M15) -> 8727.7 | O15: 2595.55 | P15: 3249.25 | Q15: 3319.87 | R15: =SUM(O15:Q15) -> 9164.67 | S15: 2710.62 | T15: 3399.96 | U15: 3540.35 | V15: =SUM(S15:U15) -> 9650.93 | W15: 2545.21 | X15: 3112.5 | Y15: 3434.55 | Z15: =SUM(W15:Y15) -> 9092.26
A16: 10 | B16: Bihar | C16: =G16+K16+O16+S16+W16+AA16+AE16+AI16+AM16+AQ16+AU16+AY16 -> 2280.07 | D16: =H16+L16+P16+T16+X16+AB16+AF16+AJ16+AN16+AR16+AV16+AZ16 -> 4357.21 | E16: =I16+M16+Q16+U16+Y16+AC16+AG16+AK16+AO16+AS16+AW16+BA16 -> 1784.53 | F16: =J16+N16+R16+V16+Z16+AD16+AH16+AL16+AP16+AT16+AX16+BB16 -> 8421.81 | G16: 551.53 | H16: 858.56 | I16: 362.56 | J16: =SUM(G16:I16) -> 1772.65 | K16: 458.89 | L16: 803.07 | M16: 325.63 | N16: =SUM(K16:M16) -> 1587.59 | O16: 413.67 | P16: 835.35 | Q16: 350.82 | R16: =SUM(O16:Q16) -> 1599.84 | S16: 449.68 | T16: 953.73 | U16: 372.37 | V16: =SUM(S16:U16) -> 1775.78 | W16: 406.3 | X16: 906.5 | Y16: 373.15 | Z16: =SUM(W16:Y16) -> 1685.95
A17: 11 | B17: Sikkim | C17: =G17+K17+O17+S17+W17+AA17+AE17+AI17+AM17+AQ17+AU17+AY17 -> 188.06 | D17: =H17+L17+P17+T17+X17+AB17+AF17+AJ17+AN17+AR17+AV17+AZ17 -> 242.98 | E17: =I17+M17+Q17+U17+Y17+AC17+AG17+AK17+AO17+AS17+AW17+BA17 -> 533.81 | F17: =J17+N17+R17+V17+Z17+AD17+AH17+AL17+AP17+AT17+AX17+BB17 -> 964.85 | G17: 69.43 | H17: 100.64 | I17: 91.37 | J17: =SUM(G17:I17) -> 261.44 | K17: 36.6 | L17: 43.44 | M17: 120.04 | N17: =SUM(K17:M17) -> 200.08 | O17: 27.72 | P17: 33.6 | Q17: 108.44 | R17: =SUM(O17:Q17) -> 169.76 | S17: 28.69 | T17: 35.16 | U17: 100.15 | V17: =SUM(S17:U17) -> 164 | W17: 25.62 | X17: 30.14 | Y17: 113.81 | Z17: =SUM(W17:Y17) -> 169.57
A18: 12 | B18: Arunachal Pradesh | C18: =G18+K18+O18+S18+W18+AA18+AE18+AI18+AM18+AQ18+AU18+AY18 -> 322.56 | D18: =H18+L18+P18+T18+X18+AB18+AF18+AJ18+AN18+AR18+AV18+AZ18 -> 394.38 | E18: =I18+M18+Q18+U18+Y18+AC18+AG18+AK18+AO18+AS18+AW18+BA18 -> 79.56 | F18: =J18+N18+R18+V18+Z18+AD18+AH18+AL18+AP18+AT18+AX18+BB18 -> 796.5 | G18: 161.21 | H18: 187.28 | I18: 23.84 | J18: =SUM(G18:I18) -> 372.33 | K18: 53.06 | L18: 71.82 | M18: 17.23 | N18: =SUM(K18:M18) -> 142.11 | O18: 36.38 | P18: 45.36 | Q18: 10.68 | R18: =SUM(O18:Q18) -> 92.42 | S18: 34.82 | T18: 44.67 | U18: 12.2 | V18: =SUM(S18:U18) -> 91.69 | W18: 37.09 | X18: 45.25 | Y18: 15.61 | Z18: =SUM(W18:Y18) -> 97.95
... A25: 19 | B25: West Bengal | C25: =G25+K25+O25+S25+W25+AA25+AE25+AI25+AM25+AQ25+AU25+AY25 -> 9114.2 | D25: =H25+L25+P25+T25+X25+AB25+AF25+AJ25+AN25+AR25+AV25+AZ25 -> 10635.97 | E25: =I25+M25+Q25+U25+Y25+AC25+AG25+AK25+AO25+AS25+AW25+BA25 -> 8526.78 | F25: =J25+N25+R25+V25+Z25+AD25+AH25+AL25+AP25+AT25+AX25+BB25 -> 28276.95 | G25: 2327.64 | H25: 2745.33 | I25: 2178.82 | J25: =SUM(G25:I25) -> 7251.79 | K25: 1694.07 | L25: 2012.29 | M25: 1620.54 | N25: =SUM(K25:M25) -> 5326.9 | O25: 1627.05 | P25: 1908.49 | Q25: 1546.09 | R25: =SUM(O25:Q25) -> 5081.63 | S25: 1803.82 | T25: 2082.17 | U25: 1677.73 | V25: =SUM(S25:U25) -> 5563.72 | W25: 1661.62 | X25: 1887.69 | Y25: 1503.6 | Z25: =SUM(W25:Y25) -> 5052.91
A26: 20 | B26: Jharkhand | C26: =G26+K26+O26+S26+W26+AA26+AE26+AI26+AM26+AQ26+AU26+AY26 -> 3266.41 | D26: =H26+L26+P26+T26+X26+AB26+AF26+AJ26+AN26+AR26+AV26+AZ26 -> 3926.05 | E26: =I26+M26+Q26+U26+Y26+AC26+AG26+AK26+AO26+AS26+AW26+BA26 -> 5653.95 | F26: =J26+N26+R26+V26+Z26+AD26+AH26+AL26+AP26+AT26+AX26+BB26 -> 12846.41 | G26: 852.29 | H26: 998.17 | I26: 1199.35 | J26: =SUM(G26:I26) -> 3049.81 | K26: 593.58 | L26: 722.12 | M26: 929.97 | N26: =SUM(K26:M26) -> 2245.67 | O26: 542.43 | P26: 663.02 | Q26: 827.8 | R26: =SUM(O26:Q26) -> 2033.25 | S26: 657.42 | T26: 793.4 | U26: 1466.05 | V26: =SUM(S26:U26) -> 2916.87 | W26: 620.69 | X26: 749.34 | Y26: 1230.78 | Z26: =SUM(W26:Y26) -> 2600.81 | BC26: s
A27: 21 | B27: Odisha | C27: =G27+K27+O27+S27+W27+AA27+AE27+AI27+AM27+AQ27+AU27+AY27 -> 6821.63 | D27: =H27+L27+P27+T27+X27+AB27+AF27+AJ27+AN27+AR27+AV27+AZ27 -> 8708.7 | E27: =I27+M27+Q27+U27+Y27+AC27+AG27+AK27+AO27+AS27+AW27+BA27 -> 6312.71 | F27: =J27+N27+R27+V27+Z27+AD27+AH27+AL27+AP27+AT27+AX27+BB27 -> 21843.04 | G27: 1799.31 | H27: 2144.62 | I27: 1118.02 | J27: =SUM(G27:I27) -> 5061.95 | K27: 1162.16 | L27: 1585.72 | M27: 1302.33 | N27: =SUM(K27:M27) -> 4050.21 | O27: 1253.58 | P27: 1687.35 | Q27: 1556.43 | R27: =SUM(O27:Q27) -> 4497.36 | S27: 1363.75 | T27: 1718.54 | U27: 1256.44 | V27: =SUM(S27:U27) -> 4338.73 | W27: 1242.83 | X27: 1572.47 | Y27: 1079.49 | Z27: =SUM(W27:Y27) -> 3894.79
A28: 22 | B28: Chhattisgarh | C28: =G28+K28+O28+S28+W28+AA28+AE28+AI28+AM28+AQ28+AU28+AY28 -> 3763.78 | D28: =H28+L28+P28+T28+X28+AB28+AF28+AJ28+AN28+AR28+AV28+AZ28 -> 4301.2 | E28: =I28+M28+Q28+U28+Y28+AC28+AG28+AK28+AO28+AS28+AW28+BA28 -> 5244.75 | F28: =J28+N28+R28+V28+Z28+AD28+AH28+AL28+AP28+AT28+AX28+BB28 -> 13309.73 | G28: 968.15 | H28: 1125.03 | I28: 1040.62 | J28: =SUM(G28:I28) -> 3133.8 | K28: 603.91 | L28: 686.06 | M28: 921.19 | N28: =SUM(K28:M28) -> 2211.16 | O28: 740.56 | P28: 857.31 | Q28: 1161.87 | R28: =SUM(O28:Q28) -> 2759.74 | S28: 780.7 | T28: 863.68 | U28: 1045.44 | V28: =SUM(S28:U28) -> 2689.82 | W28: 670.46 | X28: 769.12 | Y28: 1075.63 | Z28: =SUM(W28:Y28) -> 2515.21
A29: 23 | B29: Madhya Pradesh | C29: =G29+K29+O29+S29+W29+AA29+AE29+AI29+AM29+AQ29+AU29+AY29 -> 5430.13 | D29: =H29+L29+P29+T29+X29+AB29+AF29+AJ29+AN29+AR29+AV29+AZ29 -> 6621.77 | E29: =I29+M29+Q29+U29+Y29+AC29+AG29+AK29+AO29+AS29+AW29+BA29 -> 5252.29 | F29: =J29+N29+R29+V29+Z29+AD29+AH29+AL29+AP29+AT29+AX29+BB29 -> 17304.19 | G29: 1506.86 | H29: 1830.95 | I29: 1310.2 | J29: =SUM(G29:I29) -> 4648.01 | K29: 958.45 | L29: 1163.55 | M29: 915.79 | N29: =SUM(K29:M29) -> 3037.79 | O29: 951.12 | P29: 1157.68 | Q29: 913.11 | R29: =SUM(O29:Q29) -> 3021.91 | S29: 1038.5 | T29: 1281.84 | U29: 971.02 | V29: =SUM(S29:U29) -> 3291.36 | W29: 975.2 | X29: 1187.75 | Y29: 1142.17 | Z29: =SUM(W29:Y29) -> 3305.12
A30: 24 | B30: Gujarat | C30: =G30+K30+O30+S30+W30+AA30+AE30+AI30+AM30+AQ30+AU30+AY30 -> 19825.21 | D30: =H30+L30+P30+T30+X30+AB30+AF30+AJ30+AN30+AR30+AV30+AZ30 -> 22715.79 | E30: =I30+M30+Q30+U30+Y30+AC30+AG30+AK30+AO30+AS30+AW30+BA30 -> 20998.61 | F30: =J30+N30+R30+V30+Z30+AD30+AH30+AL30+AP30+AT30+AX30+BB30 -> 63539.61 | G30: 4819.2 | H30: 5455.14 | I30: 5345.63 | J30: =SUM(G30:I30) -> 15619.97 | K30: 3552.71 | L30: 4023.57 | M30: 3629.77 | N30: =SUM(K30:M30) -> 11206.05 | O30: 3672.89 | P30: 4333.46 | Q30: 3737.14 | R30: =SUM(O30:Q30) -> 11743.49 | S30: 4040.22 | T30: 4578.74 | U30: 4303.84 | V30: =SUM(S30:U30) -> 12922.8 | W30: 3740.19 | X30: 4324.88 | Y30: 3982.23 | Z30: =SUM(W30:Y30) -> 12047.3
A31: 26 | B31: Dadra and Nagar Haveli | C31: =G31+K31+O31+S31+W31+AA31+AE31+AI31+AM31+AQ31+AU31+AY31 -> 312.21 | D31: =H31+L31+P31+T31+X31+AB31+AF31+AJ31+AN31+AR31+AV31+AZ31 -> 423.39 | E31: =I31+M31+Q31+U31+Y31+AC31+AG31+AK31+AO31+AS31+AW31+BA31 -> 1528.92 | F31: =J31+N31+R31+V31+Z31+AD31+AH31+AL31+AP31+AT31+AX31+BB31 -> 2264.52 | G31: 77.25 | H31: 91.99 | I31: 380.88 | J31: =SUM(G31:I31) -> 550.12 | K31: 52.82 | L31: 106.04 | M31: 324.49 | N31: =SUM(K31:M31) -> 483.35 | O31: 59.83 | P31: 72.78 | Q31: 267.61 | R31: =SUM(O31:Q31) -> 400.22 | S31: 61.35 | T31: 75.81 | U31: 265.56 | V31: =SUM(S31:U31) -> 402.72 | W31: 60.96 | X31: 76.77 | Y31: 290.38 | Z31: =SUM(W31:Y31) -> 428.11
A32: 27 | B32: Maharashtra | C32: =G32+K32+O32+S32+W32+AA32+AE32+AI32+AM32+AQ32+AU32+AY32 -> 48112.66 | D32: =H32+L32+P32+T32+X32+AB32+AF32+AJ32+AN32+AR32+AV32+AZ32 -> 53804.55 | E32: =I32+M32+Q32+U32+Y32+AC32+AG32+AK32+AO32+AS32+AW32+BA32 -> 61393.86 | F32: =J32+N32+R32+V32+Z32+AD32+AH32+AL32+AP32+AT32+AX32+BB32 -> 163311.07 | G32: 12714.17 | H32: 13792.72 | I32: 15960.15 | J32: =SUM(G32:I32) -> 42467.04 | K32: 8928.64 | L32: 10105.3 | M32: 10107.39 | N32: =SUM(K32:M32) -> 29141.33 | O32: 8863.27 | P32: 9924.04 | Q32: 11926.75 | R32: =SUM(O32:Q32) -> 30714.06 | S32: 9075.68 | T32: 10298.71 | U32: 12835.35 | V32: =SUM(S32:U32) -> 32209.74 | W32: 8530.9 | X32: 9683.78 | Y32: 10564.22 | Z32: =SUM(W32:Y32) -> 28778.9
A33: 29 | B33: Karnataka | C33: =G33+K33+O33+S33+W33+AA33+AE33+AI33+AM33+AQ33+AU33+AY33 -> 19472.29 | D33: =H33+L33+P33+T33+X33+AB33+AF33+AJ33+AN33+AR33+AV33+AZ33 -> 22865.95 | E33: =I33+M33+Q33+U33+Y33+AC33+AG33+AK33+AO33+AS33+AW33+BA33 -> 30669.76 | F33: =J33+N33+R33+V33+Z33+AD33+AH33+AL33+AP33+AT33+AX33+BB33 -> 73008 | G33: 5020.12 | H33: 5828.78 | I33: 8090.14 | J33: =SUM(G33:I33) -> 18939.04 | K33: 3514.18 | L33: 4195.73 | M33: 5420.26 | N33: =SUM(K33:M33) -> 13130.17 | O33: 3484.45 | P33: 4117.87 | Q33: 5334.22 | R33: =SUM(O33:Q33) -> 12936.54 | S33: 3751.33 | T33: 4382.96 | U33: 5719.96 | V33: =SUM(S33:U33) -> 13854.25 | W33: 3702.21 | X33: 4340.61 | Y33: 6105.18 | Z33: =SUM(W33:Y33) -> 14148
A34: 30 | B34: Goa | C34: =G34+K34+O34+S34+W34+AA34+AE34+AI34+AM34+AQ34+AU34+AY34 -> 1049.67 | D34: =H34+L34+P34+T34+X34+AB34+AF34+AJ34+AN34+AR34+AV34+AZ34 -> 1245.73 | E34: =I34+M34+Q34+U34+Y34+AC34+AG34+AK34+AO34+AS34+AW34+BA34 -> 753.99 | F34: =J34+N34+R34+V34+Z34+AD34+AH34+AL34+AP34+AT34+AX34+BB34 -> 3049.39 | G34: 260.03 | H34: 309.93 | I34: 186.87 | J34: =SUM(G34:I34) -> 756.83 | K34: 191.36 | L34: 226.41 | M34: 117.37 | N34: =SUM(K34:M34) -> 535.14 | O34: 200.72 | P34: 233.67 | Q34: 169.91 | R34: =SUM(O34:Q34) -> 604.3 | S34: 220.51 | T34: 264.37 | U34: 137.43 | V34: =SUM(S34:U34) -> 622.31 | W34: 177.05 | X34: 211.35 | Y34: 142.41 | Z34: =SUM(W34:Y34) -> 530.81
A35: 31 | B35: Lakshadweep | C35: =G35+K35+O35+S35+W35+AA35+AE35+AI35+AM35+AQ35+AU35+AY35 -> 4.7 | D35: =H35+L35+P35+T35+X35+AB35+AF35+AJ35+AN35+AR35+AV35+AZ35 -> 5.53 | E35: =I35+M35+Q35+U35+Y35+AC35+AG35+AK35+AO35+AS35+AW35+BA35 -> 2.23 | F35: =J35+N35+R35+V35+Z35+AD35+AH35+AL35+AP35+AT35+AX35+BB35 -> 12.46 | G35: 2.01 | H35: 2.29 | I35: 1 | J35: =SUM(G35:I35) -> 5.3 | K35: 0.37 | L35: 0.58 | M35: 0.28 | N35: =SUM(K35:M35) -> 1.23 | O35: 0.75 | P35: 0.75 | Q35: 0.22 | R35: =SUM(O35:Q35) -> 1.72 | S35: 0.65 | T35: 0.95 | U35: 0.41 | V35: =SUM(S35:U35) -> 2.01 | W35: 0.92 | X35: 0.96 | Y35: 0.32 | Z35: =SUM(W35:Y35) -> 2.2
A36: 32 | B36: Kerala | C36: =G36+K36+O36+S36+W36+AA36+AE36+AI36+AM36+AQ36+AU36+AY36 -> 6271.98 | D36: =H36+L36+P36+T36+X36+AB36+AF36+AJ36+AN36+AR36+AV36+AZ36 -> 7488.56 | E36: =I36+M36+Q36+U36+Y36+AC36+AG36+AK36+AO36+AS36+AW36+BA36 -> 2670.11 | F36: =J36+N36+R36+V36+Z36+AD36+AH36+AL36+AP36+AT36+AX36+BB36 -> 16430.65 | G36: 1423.39 | H36: 1717.69 | I36: 703.73 | J36: =SUM(G36:I36) -> 3844.81 | K36: 1255.35 | L36: 1508.37 | M36: 433.54 | N36: =SUM(K36:M36) -> 3197.26 | O36: 1248.81 | P36: 1461.82 | Q36: 448.66 | R36: =SUM(O36:Q36) -> 3159.29 | S36: 1212.2 | T36: 1431.92 | U36: 507.46 | V36: =SUM(S36:U36) -> 3151.58 | W36: 1132.23 | X36: 1368.76 | Y36: 576.72 | Z36: =SUM(W36:Y36) -> 3077.71
A37: 33 | B37: Tamil Nadu | C37: =G37+K37+O37+S37+W37+AA37+AE37+AI37+AM37+AQ37+AU37+AY37 -> 15872.59 | D37: =H37+L37+P37+T37+X37+AB37+AF37+AJ37+AN37+AR37+AV37+AZ37 -> 19936.23 | E37: =I37+M37+Q37+U37+Y37+AC37+AG37+AK37+AO37+AS37+AW37+BA37 -> 17965.26 | F37: =J37+N37+R37+V37+Z37+AD37+AH37+AL37+AP37+AT37+AX37+BB37 -> 53774.08 | G37: 3849.25 | H37: 4724.49 | I37: 4987.21 | J37: =SUM(G37:I37) -> 13560.95 | K37: 2926.66 | L37: 3776.45 | M37: 3131.09 | N37: =SUM(K37:M37) -> 9834.2 | O37: 2906.86 | P37: 3639.44 | Q37: 3229.74 | R37: =SUM(O37:Q37) -> 9776.04 | S37: 3146.83 | T37: 3834.5 | U37: 3432.64 | V37: =SUM(S37:U37) -> 10413.97 | W37: 3042.99 | X37: 3961.35 | Y37: 3184.58 | Z37: =SUM(W37:Y37) -> 10188.92
A38: 34 | B38: Puducherry | C38: =G38+K38+O38+S38+W38+AA38+AE38+AI38+AM38+AQ38+AU38+AY38 -> 177.99 | D38: =H38+L38+P38+T38+X38+AB38+AF38+AJ38+AN38+AR38+AV38+AZ38 -> 247.68 | E38: =I38+M38+Q38+U38+Y38+AC38+AG38+AK38+AO38+AS38+AW38+BA38 -> 591.06 | F38: =J38+N38+R38+V38+Z38+AD38+AH38+AL38+AP38+AT38+AX38+BB38 -> 1016.73 | G38: 40.41 | H38: 57.64 | I38: 135.07 | J38: =SUM(G38:I38) -> 233.12 | K38: 33.96 | L38: 45.74 | M38: 132.93 | N38: =SUM(K38:M38) -> 212.63 | O38: 34.05 | P38: 47.18 | Q38: 91.12 | R38: =SUM(O38:Q38) -> 172.35 | S38: 33.94 | T38: 48.42 | U38: 121.13 | V38: =SUM(S38:U38) -> 203.49 | W38: 35.63 | X38: 48.7 | Y38: 110.81 | Z38: =SUM(W38:Y38) -> 195.14
... A44: 99 | B44: OIDAR | C44: =G44+K44+O44+S44+W44+AA44+AE44+AI44+AM44+AQ44+AU44+AY44 -> 0 | D44: =H44+L44+P44+T44+X44+AB44+AF44+AJ44+AN44+AR44+AV44+AZ44 -> 0 | E44: =I44+M44+Q44+U44+Y44+AC44+AG44+AK44+AO44+AS44+AW44+BA44 -> 2446.92 | F44: =J44+N44+R44+V44+Z44+AD44+AH44+AL44+AP44+AT44+AX44+BB44 -> 2446.92 | G44: 0 | H44: 0 | I44: 440.72 | J44: =SUM(G44:I44) -> 440.72 | K44: 0 | L44: 0 | M44: 449.21 | N44: =SUM(K44:M44) -> 449.21 | O44: 0 | P44: 0 | Q44: 523.57 | R44: =SUM(O44:Q44) -> 523.57 | S44: 0 | T44: 0 | U44: 507.52 | V44: =SUM(S44:U44) -> 507.52 | W44: 0 | X44: 0 | Y44: 525.9 | Z44: =SUM(W44:Y44) -> 525.9
A45: Domestic GST Collection- All India | C45: =SUM(C7:C44) -> 205160.57 | D45: =SUM(D7:D44) -> 245787 | E45: =SUM(E7:E44) -> 285422.85 | F45: =SUM(F7:F44) -> 736370.42 | G45: =SUM(G7:G44) -> 52140.25 | H45: =SUM(H7:H44) -> 61330.56 | I45: =SUM(I7:I44) -> 71651.27 | J45: =SUM(J7:J44) -> 185122.08 | ... Z45: =SUM(Z7:Z44) -> 137248.99
A47: IGST and CESS on Import - All India | C47: =G47+K47+O47+S47+W47+AA47+AE47+AI47+AM47+AQ47+AU47+AY47 -> 0 | D47: =H47+L47+P47+T47+X47+AB47+AF47+AJ47+AN47+AR47+AV47+AZ47 -> 0 | E47: =I47+M47+Q47+U47+Y47+AC47+AG47+AK47+AO47+AS47+AW47+BA47 -> 306387.03 | F47: =J47+N47+R47+V47+Z47+AD47+AH47+AL47+AP47+AT47+AX47+BB47 -> 306387.03 | G47: 0 | H47: 0 | I47: 57580.406 | J47: =SUM(G47:I47) -> 57580.406 | K47: 0 | L47: 0 | M47: 59653.899 | N47: =SUM(K47:M47) -> 59653.899 | O47: 0 | P47: 0 | Q47: 60038.301 | R47: =SUM(O47:Q47) -> 60038.301 | S47: 0 | T47: 0 | U47: 66510.611 | V47: =SUM(S47:U47) -> 66510.611 | W47: 0 | X47: 0 | Y47: 62603.81 | Z47: =SUM(W47:Y47) -> 62603.81
A49: Gross Revenue | C49: =C47+C45 -> 205160.57 | D49: =D47+D45 -> 245787 | E49: =E47+E45 -> 591809.88 | F49: =F47+F45 -> 1042757.4 | G49: =G47+G45 -> 52140.25 | H49: =H47+H45 -> 61330.56 | I49: =I47+I45 -> 129231.68 | J49: =J47+J45 -> 242702.49 | ... Z49: =Z47+Z45 -> 199852.8
B52: Note :
B53: The above numbers are provisional and the actual numbers may slightly vary on finalisation

Sheet Refund-Statewise
A1: REFUND DISBURSED STATE WISE MONTH WISE DURING FINANCIAL YEAR 2026-2027
A2: ='GST_Revenue-All_India'!A3 -> Data upto : 31st Aug 2026
C3: (Rs. In Crore)
A4: State Wise Domestic Refund Disbursemet (RFD-05)
A7: State CD | B7: State | C7: ='GST_Revenue-All_India'!B7 -> Financial Year (up to the Month - Aug 2026) | G7: 46113 | K7: 46143 | O7: 46174 | S7: 46204 | W7: 46235
C8: CGST | D8: SGST | E8: IGST | F8: TOTAL | G8: CGST | H8: SGST | I8: IGST | J8: TOTAL | K8: CGST | L8: SGST | M8: IGST | N8: TOTAL | O8: CGST | P8: SGST | Q8: IGST | R8: TOTAL | S8: CGST | T8: SGST | U8: IGST | V8: TOTAL | W8: CGST | X8: SGST | Y8: IGST | Z8: TOTAL
A9: 1 | B9: Jammu and Kashmir | C9: =G9+K9+O9+S9+W9+AA9+AE9+AI9+AM9+AQ9+AU9+AY9 -> 42.93 | D9: =H9+L9+P9+T9+X9+AB9+AF9+AJ9+AN9+AR9+AV9+AZ9 -> 43.58 | E9: =I9+M9+Q9+U9+Y9+AC9+AG9+AK9+AO9+AS9+AW9+BA9 -> 100.97 | F9: =J9+N9+R9+V9+Z9+AD9+AH9+AL9+AP9+AT9+AX9+BB9 -> 187.48 | G9: 6.18 | H9: 6.49 | I9: 17.67 | J9: =SUM(G9:I9) -> 30.34 | K9: 3.15 | L9: 3.02 | M9: 26.11 | N9: =SUM(K9:M9) -> 32.28 | O9: 16.99 | P9: 17.14 | Q9: 12.65 | R9: =SUM(O9:Q9) -> 46.78 | S9: 9.33 | T9: 9.4 | U9: 22.86 | V9: =SUM(S9:U9) -> 41.59 | W9: 7.28 | X9: 7.53 | Y9: 21.68 | Z9: =SUM(W9:Y9) -> 36.49
A10: 2 | B10: Himachal Pradesh | C10: =G10+K10+O10+S10+W10+AA10+AE10+AI10+AM10+AQ10+AU10+AY10 -> 221.51 | D10: =H10+L10+P10+T10+X10+AB10+AF10+AJ10+AN10+AR10+AV10+AZ10 -> 289.99 | E10: =I10+M10+Q10+U10+Y10+AC10+AG10+AK10+AO10+AS10+AW10+BA10 -> 1197.89 | F10: =J10+N10+R10+V10+Z10+AD10+AH10+AL10+AP10+AT10+AX10+BB10 -> 1709.39 | G10: 59.43 | H10: 73.39 | I10: 209.17 | J10: =SUM(G10:I10) -> 341.99 | K10: 51.97 | L10: 84.12 | M10: 227.19 | N10: =SUM(K10:M10) -> 363.28 | O10: 31.52 | P10: 38.51 | Q10: 153.48 | R10: =SUM(O10:Q10) -> 223.51 | S10: 39.15 | T10: 49.31 | U10: 253.01 | V10: =SUM(S10:U10) -> 341.47 | W10: 39.44 | X10: 44.66 | Y10: 355.04 | Z10: =SUM(W10:Y10) -> 439.14
A11: 3 | B11: Punjab | C11: =G11+K11+O11+S11+W11+AA11+AE11+AI11+AM11+AQ11+AU11+AY11 -> 581.97 | D11: =H11+L11+P11+T11+X11+AB11+AF11+AJ11+AN11+AR11+AV11+AZ11 -> 842.53 | E11: =I11+M11+Q11+U11+Y11+AC11+AG11+AK11+AO11+AS11+AW11+BA11 -> 569.08 | F11: =J11+N11+R11+V11+Z11+AD11+AH11+AL11+AP11+AT11+AX11+BB11 -> 1993.58 | G11: 153.59 | H11: 208.94 | I11: 100.05 | J11: =SUM(G11:I11) -> 462.58 | K11: 107.65 | L11: 194.17 | M11: 173.31 | N11: =SUM(K11:M11) -> 475.13 | O11: 175.16 | P11: 237.98 | Q11: 147.55 | R11: =SUM(O11:Q11) -> 560.69 | S11: 83.52 | T11: 124.15 | U11: 78.41 | V11: =SUM(S11:U11) -> 286.08 | W11: 62.05 | X11: 77.29 | Y11: 69.76 | Z11: =SUM(W11:Y11) -> 209.1
A12: 4 | B12: Chandigarh | C12: =G12+K12+O12+S12+W12+AA12+AE12+AI12+AM12+AQ12+AU12+AY12 -> 5.71 | D12: =H12+L12+P12+T12+X12+AB12+AF12+AJ12+AN12+AR12+AV12+AZ12 -> 6.59 | E12: =I12+M12+Q12+U12+Y12+AC12+AG12+AK12+AO12+AS12+AW12+BA12 -> 106.57 | F12: =J12+N12+R12+V12+Z12+AD12+AH12+AL12+AP12+AT12+AX12+BB12 -> 118.87 | G12: 0.22 | H12: 0.25 | I12: 4.95 | J12: =SUM(G12:I12) -> 5.42 | K12: 3.53 | L12: 3.76 | M12: 3.66 | N12: =SUM(K12:M12) -> 10.95 | O12: 0.64 | P12: 0.73 | Q12: 12.49 | R12: =SUM(O12:Q12) -> 13.86 | S12: 0.81 | T12: 1.11 | U12: 13.17 | V12: =SUM(S12:U12) -> 15.09 | W12: 0.51 | X12: 0.74 | Y12: 72.3 | Z12: =SUM(W12:Y12) -> 73.55
A13: 5 | B13: Uttarakhand | C13: =G13+K13+O13+S13+W13+AA13+AE13+AI13+AM13+AQ13+AU13+AY13 -> 234.47 | D13: =H13+L13+P13+T13+X13+AB13+AF13+AJ13+AN13+AR13+AV13+AZ13 -> 263.64 | E13: =I13+M13+Q13+U13+Y13+AC13+AG13+AK13+AO13+AS13+AW13+BA13 -> 648.44 | F13: =J13+N13+R13+V13+Z13+AD13+AH13+AL13+AP13+AT13+AX13+BB13 -> 1146.55 | G13: 41.69 | H13: 55.83 | I13: 88.24 | J13: =SUM(G13:I13) -> 185.76 | K13: 67.75 | L13: 74.67 | M13: 116.79 | N13: =SUM(K13:M13) -> 259.21 | O13: 47.13 | P13: 51.95 | Q13: 138.81 | R13: =SUM(O13:Q13) -> 237.89 | S13: 37.85 | T13: 41.13 | U13: 144.1 | V13: =SUM(S13:U13) -> 223.08 | W13: 40.05 | X13: 40.06 | Y13: 160.5 | Z13: =SUM(W13:Y13) -> 240.61
A14: 6 | B14: Haryana | C14: =G14+K14+O14+S14+W14+AA14+AE14+AI14+AM14+AQ14+AU14+AY14 -> 1155.06 | D14: =H14+L14+P14+T14+X14+AB14+AF14+AJ14+AN14+AR14+AV14+AZ14 -> 1334.09 | E14: =I14+M14+Q14+U14+Y14+AC14+AG14+AK14+AO14+AS14+AW14+BA14 -> 4380.79 | F14: =J14+N14+R14+V14+Z14+AD14+AH14+AL14+AP14+AT14+AX14+BB14 -> 6869.94 | G14: 285.05 | H14: 314.9 | I14: 438.39 | J14: =SUM(G14:I14) -> 1038.34 | K14: 253.6 | L14: 278.12 | M14: 1192.82 | N14: =SUM(K14:M14) -> 1724.54 | O14: 180.09 | P14: 221.23 | Q14: 585.12 | R14: =SUM(O14:Q14) -> 986.44 | S14: 248.2 | T14: 300.51 | U14: 595.05 | V14: =SUM(S14:U14) -> 1143.76 | W14: 188.12 | X14: 219.33 | Y14: 1569.41 | Z14: =SUM(W14:Y14) -> 1976.86
A15: 7 | B15: Delhi | C15: =G15+K15+O15+S15+W15+AA15+AE15+AI15+AM15+AQ15+AU15+AY15 -> 405.36 | D15: =H15+L15+P15+T15+X15+AB15+AF15+AJ15+AN15+AR15+AV15+AZ15 -> 514.51 | E15: =I15+M15+Q15+U15+Y15+AC15+AG15+AK15+AO15+AS15+AW15+BA15 -> 497.5 | F15: =J15+N15+R15+V15+Z15+AD15+AH15+AL15+AP15+AT15+AX15+BB15 -> 1417.37 | G15: 46.32 | H15: 67.32 | I15: 73.53 | J15: =SUM(G15:I15) -> 187.17 | K15: 45.69 | L15: 58.1 | M15: 56.95 | N15: =SUM(K15:M15) -> 160.74 | O15: 142.17 | P15: 172.55 | Q15: 127.73 | R15: =SUM(O15:Q15) -> 442.45 | S15: 102.04 | T15: 127.76 | U15: 139.75 | V15: =SUM(S15:U15) -> 369.55 | W15: 69.14 | X15: 88.78 | Y15: 99.54 | Z15: =SUM(W15:Y15) -> 257.46
A16: 8 | B16: Rajasthan | C16: =G16+K16+O16+S16+W16+AA16+AE16+AI16+AM16+AQ16+AU16+AY16 -> 507.62 | D16: =H16+L16+P16+T16+X16+AB16+AF16+AJ16+AN16+AR16+AV16+AZ16 -> 592.58 | E16: =I16+M16+Q16+U16+Y16+AC16+AG16+AK16+AO16+AS16+AW16+BA16 -> 855.42 | F16: =J16+N16+R16+V16+Z16+AD16+AH16+AL16+AP16+AT16+AX16+BB16 -> 1955.62 | G16: 110.09 | H16: 146.73 | I16: 149.63 | J16: =SUM(G16:I16) -> 406.45 | K16: 83.85 | L16: 92.26 | M16: 121.61 | N16: =SUM(K16:M16) -> 297.72 | O16: 112.24 | P16: 128.85 | Q16: 216.76 | R16: =SUM(O16:Q16) -> 457.85 | S16: 103.85 | T16: 113.57 | U16: 230.59 | V16: =SUM(S16:U16) -> 448.01 | W16: 97.59 | X16: 111.17 | Y16: 136.83 | Z16: =SUM(W16:Y16) -> 345.59
A17: 9 | B17: Uttar Pradesh | C17: =G17+K17+O17+S17+W17+AA17+AE17+AI17+AM17+AQ17+AU17+AY17 -> 1187.96 | D17: =H17+L17+P17+T17+X17+AB17+AF17+AJ17+AN17+AR17+AV17+AZ17 -> 1320.69 | E17: =I17+M17+Q17+U17+Y17+AC17+AG17+AK17+AO17+AS17+AW17+BA17 -> 2438.29 | F17: =J17+N17+R17+V17+Z17+AD17+AH17+AL17+AP17+AT17+AX17+BB17 -> 4946.94 | G17: 271.49 | H17: 303.63 | I17: 399.31 | J17: =SUM(G17:I17) -> 974.43 | K17: 222.76 | L17: 250.36 | M17: 386.66 | N17: =SUM(K17:M17) -> 859.78 | O17: 219.82 | P17: 240.17 | Q17: 405.39 | R17: =SUM(O17:Q17) -> 865.38 | S17: 227.99 | T17: 254.54 | U17: 513.2 | V17: =SUM(S17:U17) -> 995.73 | W17: 245.9 | X17: 271.99 | Y17: 733.73 | Z17: =SUM(W17:Y17) -> 1251.62
A18: 10 | B18: Bihar | C18: =G18+K18+O18+S18+W18+AA18+AE18+AI18+AM18+AQ18+AU18+AY18 -> 23.22 | D18: =H18+L18+P18+T18+X18+AB18+AF18+AJ18+AN18+AR18+AV18+AZ18 -> 23.11 | E18: =I18+M18+Q18+U18+Y18+AC18+AG18+AK18+AO18+AS18+AW18+BA18 -> 50.35 | F18: =J18+N18+R18+V18+Z18+AD18+AH18+AL18+AP18+AT18+AX18+BB18 -> 96.68 | G18: 4.01 | H18: 4.19 | I18: 8.91 | J18: =SUM(G18:I18) -> 17.11 | K18: 2.73 | L18: 2.72 | M18: 9.15 | N18: =SUM(K18:M18) -> 14.6 | O18: 6.87 | P18: 6.8 | Q18: 11.57 | R18: =SUM(O18:Q18) -> 25.24 | S18: 4.53 | T18: 4.74 | U18: 13.37 | V18: =SUM(S18:U18) -> 22.64 | W18: 5.08 | X18: 4.66 | Y18: 7.35 | Z18: =SUM(W18:Y18) -> 17.09
A19: 11 | B19: Sikkim | C19: =G19+K19+O19+S19+W19+AA19+AE19+AI19+AM19+AQ19+AU19+AY19 -> 3.9 | D19: =H19+L19+P19+T19+X19+AB19+AF19+AJ19+AN19+AR19+AV19+AZ19 -> 5.05 | E19: =I19+M19+Q19+U19+Y19+AC19+AG19+AK19+AO19+AS19+AW19+BA19 -> 6.45 | F19: =J19+N19+R19+V19+Z19+AD19+AH19+AL19+AP19+AT19+AX19+BB19 -> 15.4 | G19: 0.5 | H19: 0.7 | I19: 0.3 | J19: =SUM(G19:I19) -> 1.5 | K19: 0.54 | L19: 0.75 | M19: 0.19 | N19: =SUM(K19:M19) -> 1.48 | O19: 0.03 | P19: 0.64 | Q19: 1.02 | R19: =SUM(O19:Q19) -> 1.69 | S19: 0.91 | T19: 0.91 | U19: 3.42 | V19: =SUM(S19:U19) -> 5.24 | W19: 1.92 | X19: 2.05 | Y19: 1.52 | Z19: =SUM(W19:Y19) -> 5.49
A20: 12 | B20: Arunachal Pradesh | C20: =G20+K20+O20+S20+W20+AA20+AE20+AI20+AM20+AQ20+AU20+AY20 -> 1.72 | D20: =H20+L20+P20+T20+X20+AB20+AF20+AJ20+AN20+AR20+AV20+AZ20 -> 1.71 | E20: =I20+M20+Q20+U20+Y20+AC20+AG20+AK20+AO20+AS20+AW20+BA20 -> 1.35 | F20: =J20+N20+R20+V20+Z20+AD20+AH20+AL20+AP20+AT20+AX20+BB20 -> 4.78 | G20: 0 | H20: 0 | I20: 0.34 | J20: =SUM(G20:I20) -> 0.34 | K20: 0.03 | L20: 0.03 | M20: 0.57 | N20: =SUM(K20:M20) -> 0.63 | O20: 0.02 | P20: 0.02 | Q20: 0.15 | R20: =SUM(O20:Q20) -> 0.19 | S20: 0.83 | T20: 0.87 | U20: 0.29 | V20: =SUM(S20:U20) -> 1.99 | W20: 0.84 | X20: 0.79 | Y20: 0 | Z20: =SUM(W20:Y20) -> 1.63
... A46: 99 | B46: OIDAR | C46: =G46+K46+O46+S46+W46+AA46+AE46+AI46+AM46+AQ46+AU46+AY46 -> 0 | D46: =H46+L46+P46+T46+X46+AB46+AF46+AJ46+AN46+AR46+AV46+AZ46 -> 0 | E46: =I46+M46+Q46+U46+Y46+AC46+AG46+AK46+AO46+AS46+AW46+BA46 -> 0.63 | F46: =J46+N46+R46+V46+Z46+AD46+AH46+AL46+AP46+AT46+AX46+BB46 -> 0.63 | G46: 0 | H46: 0 | I46: 0.01 | J46: =SUM(G46:I46) -> 0.01 | K46: 0 | L46: 0 | M46: 0 | N46: =SUM(K46:M46) -> 0 | O46: 0 | P46: 0 | Q46: 0 | R46: =SUM(O46:Q46) -> 0 | S46: 0 | T46: 0 | U46: 0.62 | V46: =SUM(S46:U46) -> 0.62 | W46: 0 | X46: 0 | Y46: 0 | Z46: =SUM(W46:Y46) -> 0
A47: Domestic Refund (RFD-05) - All India | C47: =SUM(C9:C46) -> 21740.51 | D47: =SUM(D9:D46) -> 25872.05 | E47: =SUM(E9:E46) -> 43350.65 | F47: =SUM(F9:F46) -> 90963.21 | G47: =SUM(G9:G46) -> 5253.13 | H47: =SUM(H9:H46) -> 5889.02 | I47: =SUM(I9:I46) -> 8854.13 | J47: =SUM(J9:J46) -> 19996.28 | ... Z47: =SUM(Z9:Z46) -> 18490.08
A49: IGST and CESS Refund on Exports (disbursed by Customs) | C49: =G49+K49+O49+S49+W49+AA49+AE49+AI49+AM49+AQ49+AU49+AY49 -> 0 | D49: =H49+L49+P49+T49+X49+AB49+AF49+AJ49+AN49+AR49+AV49+AZ49 -> 0 | E49: =I49+M49+Q49+U49+Y49+AC49+AG49+AK49+AO49+AS49+AW49+BA49 -> 62309.29 | F49: =J49+N49+R49+V49+Z49+AD49+AH49+AL49+AP49+AT49+AX49+BB49 -> 62309.29 | G49: 0 | H49: 0 | I49: 11796.694 | J49: =SUM(G49:I49) -> 11796.694 | K49: 0 | L49: 0 | M49: 10250.482 | N49: =SUM(K49:M49) -> 10250.482 | O49: 0 | P49: 0 | Q49: 14668.778 | R49: =SUM(O49:Q49) -> 14668.778 | S49: 0 | T49: 0 | U49: 12288.045 | V49: =SUM(S49:U49) -> 12288.045 | W49: 0 | X49: 0 | Y49: 13305.291 | Z49: =SUM(W49:Y49) -> 13305.291
A51: Total GST Refund - All India | C51: =C49+C47 -> 21740.51 | D51: =D49+D47 -> 25872.05 | E51: =E49+E47 -> 105659.94 | F51: =F49+F47 -> 153272.5 | G51: =G49+G47 -> 5253.13 | H51: =H49+H47 -> 5889.02 | I51: =I49+I47 -> 20650.824 | J51: =J49+J47 -> 31792.974 | ... Z51: =Z49+Z47 -> 31795.371
B55: Note :
B56: The above numbers are provisional and the actuals number may have slightly vary on finalisation
